ensembl_gene_id,module,gene_symbol,organ,MM.pval,deseq2_sum.pval
ENSMUSG00000000317,darkgreen,Bcl6b,muscle,3.22645054526139e-12,1.50759320994768e-09
ENSMUSG00000000489,darkgreen,Pdgfb,muscle,3.99469115320777e-11,0.00745045523467463
ENSMUSG00000000531,darkgreen,Tamalin,muscle,0.00022823687523041,0.560532145821165
ENSMUSG00000000805,orange,Car4,muscle,2.33754814917874e-08,2.65520069073226e-05
ENSMUSG00000000884,darkgreen,Gnb1l,muscle,0.00803866693884952,0.250069330497646
ENSMUSG00000001105,darkgreen,Ift20,muscle,9.92194184534155e-07,0.113611699977957
ENSMUSG00000001151,orange,Pcnt,muscle,1.37850455230306e-10,5.6100591586131e-06
ENSMUSG00000002108,orange,Nr1h3,muscle,6.82810460278003e-06,0.00446818922165636
ENSMUSG00000002831,orange,Plin4,muscle,4.664484619505e-10,1.67878974569144e-05
ENSMUSG00000002910,orange,Arrdc2,muscle,6.04517776288457e-09,0.00476695109471146
ENSMUSG00000003032,darkgreen,Klf4,muscle,4.62414975683334e-06,0.00928151056224552
ENSMUSG00000003037,darkgreen,Rab8a,muscle,0.000109500213104529,0.0206821345833522
ENSMUSG00000003348,darkgreen,Mob3a,muscle,1.53155899799927e-07,0.00924175232682472
ENSMUSG00000003526,orange,Prodh,muscle,3.0463670475651e-11,1.65221209274781e-09
ENSMUSG00000003545,darkgreen,Fosb,muscle,0.00218033371419103,0.192974434401908
ENSMUSG00000004328,orange,Hif3a,muscle,1.99302281099672e-11,1.91425507612367e-08
ENSMUSG00000004633,orange,Chn2,muscle,0.000190682971130633,0.0010832055272066
ENSMUSG00000004768,darkgreen,Rab23,muscle,0.000620876716159052,0.882972215183548
ENSMUSG00000005103,darkgreen,Wdr1,muscle,5.73102859378194e-07,1.39929432120727e-07
ENSMUSG00000005125,orange,Ndrg1,muscle,7.02669459496495e-07,0.00161605508292678
ENSMUSG00000005958,darkgreen,Ephb3,muscle,0.000618232302825852,0.24543572465874
ENSMUSG00000008167,darkgreen,Fbxw9,muscle,0.00928277206690509,0.507086548662356
ENSMUSG00000008384,darkgreen,Sertad1,muscle,1.12263959326846e-05,0.00776100868412502
ENSMUSG00000008813,orange,Tppp2,muscle,2.53832586110392e-06,0.0124886679672801
ENSMUSG00000009406,darkgreen,Elk1,muscle,5.3622383035256e-07,0.00132150415338232
ENSMUSG00000009585,orange,Apobec3,muscle,8.73169476675695e-08,0.00571818091081166
ENSMUSG00000009633,orange,G0s2,muscle,0.0011038717068419,0.000337387211650699
ENSMUSG00000010064,orange,Slc38a3,muscle,4.59598285746796e-09,1.27269107918011e-07
ENSMUSG00000010830,darkgreen,Kdelr3,muscle,1.34124576275517e-11,8.41828581581798e-05
ENSMUSG00000014329,darkgreen,Bicc1,muscle,0.000171609953780392,0.553257909714884
ENSMUSG00000016619,darkgreen,Nup50,muscle,1.04350723163168e-05,0.000334672834664218
ENSMUSG00000017167,orange,Cntnap1,muscle,6.53790364744911e-06,0.000525477202912992
ENSMUSG00000017615,darkgreen,Tnfaip1,muscle,9.14422137834022e-07,8.63767371202617e-06
ENSMUSG00000017670,darkgreen,Elmo2,muscle,0.000259757954622523,0.18751374241082
ENSMUSG00000018500,orange,Adora2b,muscle,2.02070481280658e-05,0.0180762062710455
ENSMUSG00000019235,darkgreen,Rps6kl1,muscle,0.0536668345087986,0.012298478968523
ENSMUSG00000019861,darkgreen,Gopc,muscle,0.000364446466909883,0.0293432573903722
ENSMUSG00000019917,darkgreen,Septin10,muscle,0.000906699716216412,0.0377746473577279
ENSMUSG00000019927,darkgreen,Ube2d1,muscle,0.000231576709342736,0.0084088146280825
ENSMUSG00000019966,orange,Kitl,muscle,2.30905003386224e-10,1.10180716129525e-07
ENSMUSG00000020262,orange,Adarb1,muscle,1.89924370600545e-06,0.0135850042511389
ENSMUSG00000020315,orange,Sptbn1,muscle,2.52975149332974e-09,0.000298822990215862
ENSMUSG00000020423,darkgreen,Btg2,muscle,0.0442949169123281,0.89351321704048
ENSMUSG00000020474,darkgreen,Polm,muscle,9.16273859059316e-05,0.237862876560471
ENSMUSG00000020641,orange,Rsad2,muscle,1.00342574580057e-09,6.63531716912128e-05
ENSMUSG00000020658,darkgreen,Efr3b,muscle,6.23300476700169e-09,2.93042002094206e-06
ENSMUSG00000020682,orange,Mmp28,muscle,3.34729181662816e-08,3.44766652352605e-06
ENSMUSG00000020743,darkgreen,Mif4gd,muscle,1.33668993006946e-07,0.00944447936775404
ENSMUSG00000020744,darkgreen,Slc25a19,muscle,2.30165481170118e-11,0.0213828712170102
ENSMUSG00000020834,darkgreen,Dhrs13,muscle,0.000162800228545477,0.00396974079267223
ENSMUSG00000020848,orange,Doc2b,muscle,1.11819626409507e-10,3.57416282457737e-11
ENSMUSG00000020889,darkgreen,Nr1d1,muscle,1.98380448577221e-08,1.74737549815983e-10
ENSMUSG00000021250,darkgreen,Fos,muscle,0.0100173682653802,0.927211574847075
ENSMUSG00000021256,darkgreen,Vash1,muscle,0.0496830369666406,0.0116054709517485
ENSMUSG00000021260,orange,Hhipl1,muscle,5.13551899734333e-06,0.00531693256135694
ENSMUSG00000021265,orange,Slc25a29,muscle,6.89390334679689e-11,3.02498560300124e-09
ENSMUSG00000021365,darkgreen,Nedd9,muscle,1.90555955660813e-05,8.35957464624218e-05
ENSMUSG00000021367,orange,Edn1,muscle,1.30288331384032e-08,0.00086129678214332
ENSMUSG00000021681,darkgreen,Aggf1,muscle,0.000713554933333134,0.0139203546300729
ENSMUSG00000021750,orange,Fam107a,muscle,1.05655459473377e-10,1.02019576445989e-06
ENSMUSG00000022070,darkgreen,Bora,muscle,0.0264578605888895,0.835788910504563
ENSMUSG00000022074,darkgreen,Tnfrsf10b,muscle,2.54395497858583e-07,4.01349066392196e-05
ENSMUSG00000022180,orange,Slc7a8,muscle,3.05351594530321e-06,6.46931285776609e-05
ENSMUSG00000022463,darkgreen,Srebf2,muscle,3.02625917372321e-06,0.0113501574018091
ENSMUSG00000022668,orange,Gtpbp8,muscle,1.48985163365689e-05,0.739621578682892
ENSMUSG00000022894,darkgreen,Adamts5,muscle,7.17046581489992e-06,0.00196517615802068
ENSMUSG00000023032,orange,Slc4a8,muscle,9.38525034699016e-07,0.000748563461867707
ENSMUSG00000023034,darkgreen,Nr4a1,muscle,4.70719792600295e-06,0.00287011588186746
ENSMUSG00000023206,orange,Il15ra,muscle,2.32615529361952e-14,5.15348648379766e-11
ENSMUSG00000023259,darkgreen,Slc26a6,muscle,1.17815298255809e-05,0.0761560463382548
ENSMUSG00000023964,darkgreen,Calcr,muscle,0.00294006751833236,0.388446011926273
ENSMUSG00000024012,darkgreen,Mtch1,muscle,0.00243789077535728,0.268738327096103
ENSMUSG00000024030,orange,Abcg1,muscle,1.94292876855642e-05,0.00467926290206972
ENSMUSG00000024066,orange,Xdh,muscle,3.01299251318887e-18,5.31884534201996e-12
ENSMUSG00000024085,orange,Man2a1,muscle,8.3911097466998e-08,1.56596143716155e-06
ENSMUSG00000024190,darkgreen,Dusp1,muscle,0.0256955316493034,0.995379889018332
ENSMUSG00000024210,orange,Ip6k3,muscle,3.43903451764137e-10,2.86276654289961e-09
ENSMUSG00000024247,darkgreen,Pkdcc,muscle,2.38936331211912e-12,4.83597236669008e-09
ENSMUSG00000024427,darkgreen,Spry4,muscle,1.19759950468297e-07,0.0302006069062257
ENSMUSG00000024440,darkgreen,Pcdh12,muscle,1.3662014559672e-08,0.108527096370642
ENSMUSG00000024481,orange,Lvrn,muscle,5.48037011554057e-09,0.000253977190145213
ENSMUSG00000024535,darkgreen,Snx24,muscle,3.19302462463751e-10,0.00104476140076282
ENSMUSG00000024743,orange,Syt7,muscle,0.000127844408681167,0.020177157870848
ENSMUSG00000024778,orange,Fas,muscle,2.56701663529165e-08,0.00012947901971652
ENSMUSG00000024907,darkgreen,Gal,muscle,3.19786152107509e-06,0.0545669183002242
ENSMUSG00000025076,darkgreen,Casp7,muscle,2.10633522451032e-06,0.3712377777135
ENSMUSG00000025157,darkgreen,Zdhhc16,muscle,3.78904173270249e-06,0.00292430566106733
ENSMUSG00000025265,darkgreen,Fgd1,muscle,2.78509297913784e-07,0.00265276070526304
ENSMUSG00000025316,orange,Banp,muscle,6.37830156411065e-05,0.000475059329686414
ENSMUSG00000025422,orange,Agap2,muscle,2.778338871592e-12,6.22977950584253e-08
ENSMUSG00000025723,orange,Nmb,muscle,1.60744804257583e-10,8.87900948455023e-10
ENSMUSG00000025747,darkgreen,Tyms,muscle,0.0118638300034414,0.370930415535805
ENSMUSG00000025812,darkgreen,Pard3,muscle,1.49787819586268e-06,9.32602448770894e-10
ENSMUSG00000025931,orange,Paqr8,muscle,0.000428050318483929,0.110448777277358
ENSMUSG00000026088,darkgreen,Mitd1,muscle,0.0101809984226463,0.899564320962687
ENSMUSG00000026121,orange,Sema4c,muscle,9.51023737663873e-07,4.12602106630231e-05
ENSMUSG00000026162,darkgreen,Nhej1,muscle,1.18551448968638e-06,0.277359833207639
ENSMUSG00000026179,darkgreen,Pnkd,muscle,2.04688367509394e-06,0.00133031531837225
ENSMUSG00000026240,darkgreen,Cops7b,muscle,9.58657716486672e-05,0.0502233449907779
ENSMUSG00000026398,darkgreen,Nr5a2,muscle,0.00104971062136025,0.997209311588577
ENSMUSG00000026473,orange,Glul,muscle,6.21967631500002e-15,1.5614298519337e-10
ENSMUSG00000026637,darkgreen,Traf5,muscle,0.0012391996990164,0.871333960299062
ENSMUSG00000026873,orange,Phf19,muscle,0.00802524648923112,0.00112095470836253
ENSMUSG00000026921,darkgreen,Egfl7,muscle,2.65556382079358e-07,0.217450094741742
ENSMUSG00000026991,orange,Pkp4,muscle,1.28199608137535e-13,1.25124536047469e-09
ENSMUSG00000026994,orange,Galnt3,muscle,7.51958631376808e-06,2.9634456308266e-06
ENSMUSG00000027074,orange,Slc43a3,muscle,1.6869085028263e-19,2.63011591930086e-08
ENSMUSG00000027489,darkgreen,Necab3,muscle,0.0135931809237286,0.46683902633177
ENSMUSG00000027524,darkgreen,Edn3,muscle,7.11687601776695e-05,0.00222689599729433
ENSMUSG00000027536,orange,Chmp4c,muscle,0.00361002608610698,0.0572484286267786
ENSMUSG00000027540,orange,Ptpn1,muscle,6.65484954453985e-05,0.0546693898495922
ENSMUSG00000027716,darkgreen,Trpc3,muscle,1.87077880710371e-05,0.000192071585577278
ENSMUSG00000027834,orange,Serpini1,muscle,3.05780671523802e-08,0.000231477479434032
ENSMUSG00000027845,orange,Dclre1b,muscle,3.11750496264589e-05,0.014206711440206
ENSMUSG00000027889,darkgreen,Ampd2,muscle,1.18499862648297e-08,9.24796534647414e-06
ENSMUSG00000028036,orange,Ptgfr,muscle,2.76362190435824e-06,1.96132365032747e-05
ENSMUSG00000028214,darkgreen,Gem,muscle,3.08982790895221e-07,0.0402200608543964
ENSMUSG00000028280,orange,Gabrr1,muscle,1.3297406127693e-05,0.10518516859892
ENSMUSG00000028444,orange,Cntfr,muscle,1.8477666864587e-08,2.01837028959775e-10
ENSMUSG00000028475,orange,Spaar,muscle,7.8086248699538e-08,0.000405589197785545
ENSMUSG00000028618,orange,Tmem59,muscle,3.85329382051621e-06,0.0059541530409318
ENSMUSG00000028680,darkgreen,Plk3,muscle,3.9227957381436e-10,0.00309031264381946
ENSMUSG00000028713,orange,Cyp4b1,muscle,2.96251585544321e-05,0.0454101768995538
ENSMUSG00000028882,darkgreen,Ppp1r8,muscle,0.0181081395927475,0.320931998710914
ENSMUSG00000028967,darkgreen,Errfi1,muscle,0.0168708809540663,0.235185491974483
ENSMUSG00000029161,darkgreen,Cgref1,muscle,0.0791868956495174,0.269322688806905
ENSMUSG00000029189,orange,Sel1l3,muscle,1.64194434535374e-05,5.99396497974436e-05
ENSMUSG00000029312,darkgreen,Klhl8,muscle,3.65838447000597e-14,1.90917952435783e-06
ENSMUSG00000029352,orange,Crybb3,muscle,0.00107690496880576,0.00301318763524449
ENSMUSG00000029380,darkgreen,Cxcl1,muscle,0.0100064716079276,0.352717892221893
ENSMUSG00000029455,orange,Aldh2,muscle,1.68506605817203e-10,2.89928369428205e-05
ENSMUSG00000029456,orange,Acad10,muscle,1.74510617159044e-10,8.2189034940361e-07
ENSMUSG00000029648,orange,Flt1,muscle,2.66208852478019e-09,0.00426993960506819
ENSMUSG00000030084,darkgreen,Plxna1,muscle,8.15151888206623e-08,0.0112408539698219
ENSMUSG00000030123,darkgreen,Plxnd1,muscle,9.23970377299789e-11,0.0192371762783187
ENSMUSG00000030207,darkgreen,Fam234b,muscle,0.00609265395043607,0.0526926631413675
ENSMUSG00000030256,darkgreen,Bhlhe41,muscle,1.13691605495091e-10,1.74423660306102e-05
ENSMUSG00000030259,orange,Rassf8,muscle,0.0118972944538299,0.573912184295669
ENSMUSG00000030272,darkgreen,Camk1,muscle,0.0455446549079646,0.844326653500076
ENSMUSG00000030287,orange,Itpr2,muscle,2.71313385606197e-08,0.000101034365724019
ENSMUSG00000030317,orange,Timp4,muscle,1.81447789803127e-08,0.000446069601604929
ENSMUSG00000030403,darkgreen,Vasp,muscle,2.43227425832272e-13,3.12612428282396e-08
ENSMUSG00000030493,darkgreen,Faap24,muscle,0.00342368239995976,0.170547568737158
ENSMUSG00000030516,orange,Tjp1,muscle,0.000123720072356612,0.0358029475352501
ENSMUSG00000030551,orange,Nr2f2,muscle,0.00149907160048778,6.8342505945209e-05
ENSMUSG00000030553,darkgreen,Pgpep1l,muscle,0.0102420912579779,0.597352129723884
ENSMUSG00000030711,orange,Sult1a1,muscle,1.69683412646857e-14,2.90415841328836e-07
ENSMUSG00000030768,darkgreen,Disp1,muscle,7.09631008247604e-08,0.23537055668026
ENSMUSG00000030878,darkgreen,Cdr2,muscle,3.88050881850257e-08,0.00014024104908807
ENSMUSG00000031149,darkgreen,Praf2,muscle,0.0028348775143867,0.497222441077355
ENSMUSG00000031442,orange,Mcf2l,muscle,5.8137524495666e-12,6.0895454601705e-06
ENSMUSG00000031483,darkgreen,Erlin2,muscle,9.91212627597496e-05,0.22598489726983
ENSMUSG00000031627,darkgreen,Irf2,muscle,0.000107250941930554,0.00215973309890761
ENSMUSG00000031792,darkgreen,Usb1,muscle,0.000929647813606263,0.177409704232846
ENSMUSG00000031949,orange,Adat1,muscle,4.89525999071342e-07,0.000414747415611234
ENSMUSG00000031980,darkgreen,Agt,muscle,0.000545755256953938,0.434305521917111
ENSMUSG00000032014,darkgreen,Oaf,muscle,3.40809804904742e-10,7.0690942961902e-05
ENSMUSG00000032086,darkgreen,Bace1,muscle,2.17300474022341e-07,1.69902400622867e-08
ENSMUSG00000032193,darkgreen,Ldlr,muscle,3.33662186361235e-10,0.000914658717428128
ENSMUSG00000032202,orange,Rab27a,muscle,4.0822682105298e-09,0.000200644289695391
ENSMUSG00000032220,darkgreen,Myo1e,muscle,1.53869124358209e-11,1.94512577325524e-07
ENSMUSG00000032609,darkgreen,Klhdc8b,muscle,0.0116882904664605,0.3878716257451
ENSMUSG00000032735,orange,Ablim3,muscle,4.45066751413003e-06,0.000272709731814795
ENSMUSG00000032766,darkgreen,Gng11,muscle,4.70049963100468e-11,6.67685014867364e-08
ENSMUSG00000032846,darkgreen,Zswim6,muscle,0.413259686531517,0.571902125998945
ENSMUSG00000032878,orange,Ccdc85a,muscle,6.76328910038562e-08,6.23655316467711e-06
ENSMUSG00000032946,orange,Rasgrp2,muscle,8.00000237485703e-05,0.00904995492631515
ENSMUSG00000033082,orange,Clec1a,muscle,0.000208406517651297,0.0401647754053731
ENSMUSG00000033460,darkgreen,Armcx1,muscle,0.000349292073609994,0.793527273696031
ENSMUSG00000033730,darkgreen,Egr3,muscle,3.25989406971535e-05,0.346851387512698
ENSMUSG00000033855,orange,Ston1,muscle,4.10009799426062e-06,0.022929183711893
ENSMUSG00000034006,darkgreen,Slc66a2,muscle,0.00322990662711688,0.00199737336974568
ENSMUSG00000034118,darkgreen,Tpst1,muscle,2.8297398409359e-08,0.0325796819808163
ENSMUSG00000034120,orange,Srsf2,muscle,1.46436597585377e-07,1.39357158886744e-07
ENSMUSG00000034403,darkgreen,Pja1,muscle,7.43825256516927e-09,1.70127146984978e-05
ENSMUSG00000034751,darkgreen,Mast4,muscle,7.5361551908465e-06,5.61340619209959e-05
ENSMUSG00000034810,orange,Scn7a,muscle,3.0300002723649e-06,6.2157288065528e-05
ENSMUSG00000035275,darkgreen,Raver2,muscle,0.0126140658714336,0.753174804401481
ENSMUSG00000035513,darkgreen,Ntng2,muscle,0.000510961803930946,0.345249509900992
ENSMUSG00000035877,darkgreen,Zhx3,muscle,3.00476376834081e-05,0.0224863627483196
ENSMUSG00000036111,orange,Lmo1,muscle,0.000237332168021437,0.115225381982269
ENSMUSG00000036158,orange,Prickle1,muscle,6.24199082024405e-11,6.6245175366227e-07
ENSMUSG00000036565,darkgreen,Ttyh3,muscle,4.53032276130521e-06,0.0175579350502971
ENSMUSG00000036959,darkgreen,Bcorl1,muscle,0.000484570752011992,0.00173113251675168
ENSMUSG00000036960,darkgreen,Clca2,muscle,2.18061522944136e-05,0.0171296119224816
ENSMUSG00000037010,darkgreen,Apln,muscle,2.05050470636658e-09,0.0349685162429688
ENSMUSG00000037196,orange,Pacrg,muscle,0.0177738033615723,0.106031262008348
ENSMUSG00000037419,darkgreen,Endod1,muscle,0.127479459633603,0.329296066068938
ENSMUSG00000037621,orange,Atoh8,muscle,1.46000252206983e-05,0.00068602262195526
ENSMUSG00000037784,darkgreen,Dzip1l,muscle,0.00618525278236247,0.711339139554702
ENSMUSG00000038065,orange,Mturn,muscle,1.22237385014709e-08,1.16170262084165e-05
ENSMUSG00000038214,darkgreen,Bend3,muscle,3.62921427862037e-07,0.000258453709297537
ENSMUSG00000038418,darkgreen,Egr1,muscle,1.38951111719499e-05,0.334132927270412
ENSMUSG00000038457,darkgreen,Tmem255b,muscle,0.023180020846546,0.243878847271721
ENSMUSG00000038518,darkgreen,Jarid2,muscle,5.70422545078166e-09,0.00240143622498369
ENSMUSG00000038524,darkgreen,Fchsd1,muscle,0.00214491123041192,0.0358909618321994
ENSMUSG00000038550,darkgreen,Ciart,muscle,2.79966361937004e-07,9.12712755069851e-06
ENSMUSG00000038884,darkgreen,Shfl,muscle,0.00117524020874932,0.199798627899817
ENSMUSG00000038957,orange,Edc3,muscle,2.27982900012597e-05,0.120701273541835
ENSMUSG00000039004,orange,Bmp6,muscle,3.18650714625056e-11,4.07217780450946e-06
ENSMUSG00000039096,darkgreen,Rsad1,muscle,0.0555034680031762,0.619991818313367
ENSMUSG00000039157,darkgreen,Eeig1,muscle,2.98909057874557e-06,0.000388777089442492
ENSMUSG00000039321,orange,Uts2r,muscle,0.000573524348148421,0.0258061357787171
ENSMUSG00000039372,darkgreen,Marchf4,muscle,0.24206860884503,0.457165075692371
ENSMUSG00000039515,darkgreen,Ptpa,muscle,5.72400890618106e-10,0.000631762343525702
ENSMUSG00000039621,darkgreen,Prex1,muscle,3.32225916555947e-08,0.0107897414180058
ENSMUSG00000039706,darkgreen,Ldb2,muscle,0.000116008205531255,0.372704068814687
ENSMUSG00000039735,orange,Fnbp1l,muscle,1.3964060472753e-06,0.00266014900160761
ENSMUSG00000039936,darkgreen,Pik3cd,muscle,4.33523568972711e-11,0.000211295780943966
ENSMUSG00000040105,orange,Plpp6,muscle,4.72724450945301e-06,0.0306298420112517
ENSMUSG00000040158,darkgreen,Tax1bp3,muscle,2.50551254140766e-05,0.0624589726853836
ENSMUSG00000040170,orange,Fmo2,muscle,5.68213288028525e-15,8.77109985026809e-09
ENSMUSG00000040181,orange,Fmo1,muscle,9.55900353601459e-12,3.50411234683659e-10
ENSMUSG00000040339,orange,Eeig2,muscle,5.90623707245854e-08,5.0345714146141e-06
ENSMUSG00000040451,orange,Sgms1,muscle,4.98194745117876e-07,0.000658198463535805
ENSMUSG00000040795,orange,Iqcc,muscle,0.000154509313899349,0.000529062274441687
ENSMUSG00000041238,darkgreen,Rbbp8,muscle,0.030112410079502,0.311260301879832
ENSMUSG00000041361,orange,Myzap,muscle,0.000989061546329172,0.0388037692049468
ENSMUSG00000041390,darkgreen,Mdfic,muscle,3.19362494944741e-05,0.629066307693173
ENSMUSG00000041417,orange,Pik3r1,muscle,2.7828255247165e-13,9.86977433458282e-13
ENSMUSG00000041488,orange,Stx3,muscle,2.55723739788965e-10,0.000467085214306607
ENSMUSG00000041653,orange,Pnpla3,muscle,1.86527378276196e-07,4.34732008824854e-06
ENSMUSG00000041669,orange,Prima1,muscle,2.92902195857269e-09,1.47589704907523e-09
ENSMUSG00000041836,darkgreen,Ptpre,muscle,1.89436886548014e-05,0.302647453904613
ENSMUSG00000042035,darkgreen,Igsf3,muscle,0.0384777811258366,0.19672633446643
ENSMUSG00000042121,darkgreen,Ssh1,muscle,6.8714881304179e-05,0.0165381371262185
ENSMUSG00000042213,orange,Zfand4,muscle,6.99955049220438e-08,3.0075009673187e-06
ENSMUSG00000042705,darkgreen,Commd10,muscle,1.33427805312459e-06,0.000203819658220164
ENSMUSG00000042807,orange,Hecw2,muscle,2.6526962625649e-07,0.000524754107650307
ENSMUSG00000043415,darkgreen,Otud1,muscle,0.0331409830161214,0.484068880519336
ENSMUSG00000043432,orange,Leng9,muscle,4.03707489280074e-05,0.00610191685232853
ENSMUSG00000043644,darkgreen,0610009L18Rik,muscle,0.0323549824973521,0.0234310267837489
ENSMUSG00000044167,orange,Foxo1,muscle,8.20540754173108e-05,0.000102388639228064
ENSMUSG00000044367,darkgreen,Slc16a13,muscle,4.88201049276568e-08,8.94100284309411e-05
ENSMUSG00000045180,orange,Shroom2,muscle,0.000161901897146933,0.0018753689837065
ENSMUSG00000045327,orange,6330549D23Rik,muscle,0.000192525284031436,0.068421368969964
ENSMUSG00000045629,darkgreen,Sh3tc2,muscle,2.11417422936649e-05,0.622643450465825
ENSMUSG00000045917,orange,Tmem268,muscle,0.0127208819932142,0.543521434895746
ENSMUSG00000045968,orange,Teddm2,muscle,1.078887365735e-07,5.83017047821518e-06
ENSMUSG00000046058,darkgreen,Eid2,muscle,0.00161211182900318,0.0414885808792172
ENSMUSG00000046562,darkgreen,Unc119b,muscle,4.06033362166588e-06,0.0465517449473938
ENSMUSG00000047731,orange,Wbp1l,muscle,1.37032970094533e-06,0.0190835478714553
ENSMUSG00000047910,darkgreen,Pcdhb16,muscle,2.2471082741155e-05,0.831482610250589
ENSMUSG00000048490,orange,Nrip1,muscle,8.85272999535085e-05,0.00131961298122001
ENSMUSG00000048897,darkgreen,Zfp710,muscle,6.94689006096571e-07,0.0852951496018382
ENSMUSG00000049097,darkgreen,Ankrd34a,muscle,0.000169665265784357,0.00811144798058369
ENSMUSG00000049119,darkgreen,Fam110b,muscle,0.0012192825608345,0.0014324734553757
ENSMUSG00000049672,orange,Zbtb14,muscle,6.78256982473428e-10,5.61064563350534e-08
ENSMUSG00000049907,orange,Rasl11b,muscle,9.2934194712747e-06,0.00132467598985997
ENSMUSG00000049928,orange,Glp2r,muscle,3.57152046127466e-06,0.00104185656936472
ENSMUSG00000050947,darkgreen,Amigo1,muscle,9.68469804480375e-12,2.04726583821672e-08
ENSMUSG00000051451,orange,Crebzf,muscle,0.000124459421236287,0.0196759297647027
ENSMUSG00000051495,orange,Irf2bp2,muscle,4.98145838376501e-06,5.89829152245712e-06
ENSMUSG00000051790,darkgreen,Nlgn2,muscle,2.01955610269502e-06,0.123539384672124
ENSMUSG00000052040,orange,Klf13,muscle,5.14040242590039e-17,6.50560034587598e-14
ENSMUSG00000052387,darkgreen,Trpm3,muscle,4.60244235302185e-05,0.109080031945895
ENSMUSG00000052504,darkgreen,Epha3,muscle,0.0596449508701955,0.8513881423617
ENSMUSG00000052512,darkgreen,Nav2,muscle,4.01575386799949e-08,0.0405964937748796
ENSMUSG00000052544,darkgreen,St6galnac3,muscle,2.08124269511879e-05,0.000671986096045341
ENSMUSG00000052698,darkgreen,Tln2,muscle,0.000238732129557053,0.215095272368039
ENSMUSG00000052915,darkgreen,Msl1,muscle,6.65242527891231e-07,0.00112691431766708
ENSMUSG00000053560,darkgreen,Ier2,muscle,1.86307130095225e-05,0.67831599629347
ENSMUSG00000054008,darkgreen,Ndst1,muscle,2.79374299085991e-11,4.74356056302344e-06
ENSMUSG00000055200,darkgreen,Sertad3,muscle,0.000568150479492476,0.0402237033497401
ENSMUSG00000055368,darkgreen,Slc6a2,muscle,0.119066268959059,0.203466790557882
ENSMUSG00000055866,orange,Per2,muscle,0.0136057276375318,0.000195403016476871
ENSMUSG00000056492,orange,Adgrf5,muscle,1.72522818494581e-12,2.24935448589182e-05
ENSMUSG00000056602,orange,Fry,muscle,4.8561540075086e-08,0.000216109533973814
ENSMUSG00000056749,orange,Nfil3,muscle,3.59526031547201e-07,0.00163562858285065
ENSMUSG00000057133,orange,Chd6,muscle,3.62665940263712e-07,3.72112782456368e-08
ENSMUSG00000057738,orange,Sptan1,muscle,1.46600290702605e-05,0.00468538626439794
ENSMUSG00000057913,orange,Gm10032,muscle,3.2058820394852e-07,3.76672264908408e-06
ENSMUSG00000058297,orange,Spock2,muscle,8.12550365045553e-09,0.000169603230072344
ENSMUSG00000058594,orange,Fbh1,muscle,6.37853671234e-08,5.02382308049103e-06
ENSMUSG00000058706,orange,0610030E20Rik,muscle,3.00446572576699e-07,0.000137084132294446
ENSMUSG00000059327,darkgreen,Eda,muscle,0.00279782007019789,0.0757978556062056
ENSMUSG00000059436,orange,Max,muscle,8.23155298365195e-12,0.000126358910189083
ENSMUSG00000059588,orange,Calcrl,muscle,2.09432898016706e-08,2.17395586975398e-07
ENSMUSG00000059824,darkgreen,Dbp,muscle,4.76136410989465e-10,0.00175082101728332
ENSMUSG00000059939,orange,9430015G10Rik,muscle,2.89038836786563e-06,0.153923129909247
ENSMUSG00000061536,darkgreen,Sec22c,muscle,0.00342857666864647,0.422514482133949
ENSMUSG00000061731,darkgreen,Ext1,muscle,1.48176691954116e-05,0.124234341070847
ENSMUSG00000061981,darkgreen,Flot2,muscle,5.00876062021906e-07,0.205211817154216
ENSMUSG00000062012,darkgreen,Zfp13,muscle,0.00915111780765568,0.506007518593633
ENSMUSG00000062098,orange,Btbd3,muscle,2.536377531469e-05,0.0142844163147879
ENSMUSG00000062232,orange,Rapgef2,muscle,2.64456171950135e-05,0.00157703426579729
ENSMUSG00000062257,darkgreen,Opcml,muscle,1.1956867979864e-05,0.357547450283957
ENSMUSG00000062300,darkgreen,Nectin2,muscle,3.01620925804728e-06,0.00751172153936168
ENSMUSG00000062563,orange,Cys1,muscle,0.000222570436895085,0.000405241530011812
ENSMUSG00000062825,darkgreen,Actg1,muscle,2.03847992495299e-06,0.0209871983552683
ENSMUSG00000062995,darkgreen,Ica1,muscle,0.000533106835582272,0.131412275003069
ENSMUSG00000063415,orange,Cyp26b1,muscle,4.72900096852924e-05,0.0458717310950389
ENSMUSG00000066877,darkgreen,Nck2,muscle,2.63128123273087e-05,0.000240383065346227
ENSMUSG00000067279,orange,Ppp1r3c,muscle,4.95893095486703e-09,0.000140767535785764
ENSMUSG00000067370,darkgreen,B3galt4,muscle,0.0735902276448247,0.715416763011948
ENSMUSG00000068015,orange,Lrch1,muscle,8.4140418784317e-07,0.00046406196840735
ENSMUSG00000068079,darkgreen,Tcf15,muscle,0.00176837491371574,0.319354644468852
ENSMUSG00000068735,darkgreen,Trp53i11,muscle,6.18649239799521e-12,1.41346373877505e-08
ENSMUSG00000069833,orange,Ahnak,muscle,1.01983898045558e-10,4.82759340895545e-09
ENSMUSG00000070304,orange,Scn2b,muscle,2.42180075328196e-08,0.000235761312916629
ENSMUSG00000070407,orange,Hs3st3b1,muscle,0.0414260440350371,0.094122399185288
ENSMUSG00000070425,orange,Xntrpc,muscle,7.4676279328601e-07,0.00898986934298068
ENSMUSG00000071347,orange,C1qtnf9,muscle,2.13787275679744e-08,1.12844903945965e-08
ENSMUSG00000072919,orange,Noxred1,muscle,7.54911000023763e-05,0.134011958020866
ENSMUSG00000073375,orange,Lrrc30,muscle,7.36495632426078e-09,4.16634207411926e-05
ENSMUSG00000073423,darkgreen,Zfp414,muscle,8.65011126482934e-06,0.162833562468403
ENSMUSG00000073599,darkgreen,Ecscr,muscle,0.00279198432976171,0.416533149413765
ENSMUSG00000074207,orange,Adh1,muscle,1.8768903966807e-14,4.81012124637101e-12
ENSMUSG00000074480,darkgreen,Mex3a,muscle,0.0143198877053508,0.294971532972059
ENSMUSG00000074794,orange,Arrdc3,muscle,8.68465962910126e-13,1.345850962019e-09
ENSMUSG00000074818,darkgreen,Pdzd7,muscle,4.67414807134423e-09,0.000438443529316785
ENSMUSG00000075224,darkgreen,Lrrc55,muscle,9.5572165150039e-06,0.583494819584303
ENSMUSG00000075254,orange,Heg1,muscle,0.000130220164034662,0.00149006285646426
ENSMUSG00000078202,darkgreen,Nrarp,muscle,5.63034763989531e-07,0.364551930775214
ENSMUSG00000078552,orange,Dcdc2b,muscle,1.05084344091104e-06,0.0126297998015067
ENSMUSG00000078768,darkgreen,Zfp566,muscle,0.00554538365209077,0.0456947897418059
ENSMUSG00000079018,orange,Ly6c1,muscle,8.20312877796832e-13,4.10788123391478e-07
ENSMUSG00000079442,darkgreen,St6galnac4,muscle,0.000146573874426032,0.019528809238706
ENSMUSG00000079499,darkgreen,6530402F18Rik,muscle,0.163860976168637,0.599456219603758
ENSMUSG00000081534,darkgreen,Slc48a1,muscle,3.74288817097997e-08,0.0314221753110165
ENSMUSG00000084691,darkgreen,Gm24895,muscle,0.000513680269093137,0.151747909734223
ENSMUSG00000084797,orange,Gm14321,muscle,7.21225483312254e-06,0.00904851508003705
ENSMUSG00000085151,orange,1110018N20Rik,muscle,3.21079583289901e-05,0.00481169391033936
ENSMUSG00000085411,orange,Gm14319,muscle,6.31251890614655e-12,1.26392089523232e-08
ENSMUSG00000086606,darkgreen,Gm13205,muscle,0.000125643209765607,0.207191852365669
ENSMUSG00000086938,orange,4930481A15Rik,muscle,3.23332777444202e-10,1.10077710974015e-08
ENSMUSG00000087057,orange,Gm11730,muscle,2.39126953161457e-07,0.00906934728510721
ENSMUSG00000087336,orange,Gm15860,muscle,0.000555483773675724,0.20794125754708
ENSMUSG00000089736,orange,Tgfbr3l,muscle,2.05146434367661e-06,0.0314171610291923
ENSMUSG00000090698,darkgreen,Apold1,muscle,3.75209682231206e-08,0.000341737178690631
ENSMUSG00000090958,darkgreen,Lrrc32,muscle,6.42668580818498e-08,0.000611011101627943
ENSMUSG00000091937,darkgreen,Gm3646,muscle,0.000640204938595145,0.844968640569805
ENSMUSG00000092060,darkgreen,Bend4,muscle,0.0486419957482452,0.593565044705648
ENSMUSG00000092071,darkgreen,A230065N10Rik,muscle,0.00955253804941357,0.97962237335784
ENSMUSG00000092412,darkgreen,Gm20507,muscle,0.00250674256580004,0.51364127771922
ENSMUSG00000092868,darkgreen,Mir5113,muscle,0.0071328297047806,0.0290111709319167
ENSMUSG00000093264,darkgreen,NA,muscle,5.4068854683621e-06,0.0531036381746449
ENSMUSG00000093273,orange,Mir3064,muscle,6.87455772901661e-09,2.80726869391679e-05
ENSMUSG00000097099,orange,Gm9917,muscle,9.0791659447435e-05,5.41521689132032e-05
ENSMUSG00000097296,darkgreen,Gm26532,muscle,2.59171717439812e-06,0.0771299509597746
ENSMUSG00000097440,darkgreen,Gm6277,muscle,0.00698055132181222,0.402445502352423
ENSMUSG00000097494,orange,4933406C10Rik,muscle,1.88908211009948e-06,0.00867535519208769
ENSMUSG00000098399,darkgreen,NA,muscle,0.0184079696445992,0.471907111255279
ENSMUSG00000098955,darkgreen,Mir6935,muscle,0.00543737214906296,0.470896486078376
ENSMUSG00000099227,orange,Mir8114,muscle,9.54737143238065e-14,9.07272145076364e-13
ENSMUSG00000100075,darkgreen,1700018L02Rik,muscle,0.00329680151644298,0.368107500886253
ENSMUSG00000100254,orange,Trpc2,muscle,7.69682095040886e-08,0.00884969131721582
ENSMUSG00000102544,darkgreen,Gm5103,muscle,0.00809882404474929,0.859671388044274
ENSMUSG00000103393,darkgreen,Gm38304,muscle,0.00563417727758172,0.519027663004392
ENSMUSG00000106383,darkgreen,E330034L11Rik,muscle,0.00283362221183073,0.563307458819008
ENSMUSG00000109635,darkgreen,Gm45670,muscle,0.00082755859885732,0.229126010278861
ENSMUSG00000109829,orange,Gm45605,muscle,4.70514170864467e-06,5.08616859540355e-05
ENSMUSG00000113682,orange,Gm48630,muscle,5.34269364959121e-05,0.247117900074643
ENSMUSG00000113737,orange,BB123696,muscle,2.85244036168324e-07,0.000418433411643734
ENSMUSG00000114004,orange,Gm48552,muscle,0.00102540248022981,0.645558337761766
ENSMUSG00000115219,orange,Eef1akmt4,muscle,0.013895447276227,0.20039423348925
ENSMUSG00000116069,darkgreen,Gm49510,muscle,0.00121747737128855,0.856681224625904
ENSMUSG00000116165,darkgreen,Pdxp,muscle,0.00213052913443592,0.359144493799792
ENSMUSG00000117222,darkgreen,Gm49906,muscle,0.00240344546763312,0.0087011983393094
ENSMUSG00000117919,orange,Gm41717,muscle,0.000474841557103308,0.0092426839723991
ENSMUSG00000118434,orange,Gm13301,muscle,1.11442417517842e-05,0.0311113141468077
